{"app":["/app-9ec256b08d6cd95c4086.js"],"component---src-pages-404-js":["/component---src-pages-404-js-dc8a4cce449d0d806a5a.js"],"component---src-pages-about-js":["/component---src-pages-about-js-224c592509ad3b37061d.js"],"component---src-pages-faq-js":["/component---src-pages-faq-js-dafcb4f8ae1e47a8f030.js"],"component---src-pages-index-js":["/component---src-pages-index-js-0a674f1b67843b3a192e.js"],"component---src-pages-join-participant-js":["/component---src-pages-join-participant-js-f546c713769017b73a09.js"],"component---src-pages-organizers-js":["/component---src-pages-organizers-js-da90d6ec52667dd8d95b.js"],"component---src-pages-programs-js":["/component---src-pages-programs-js-7c01134eaf299fa28aa3.js"],"component---src-pages-speakers-js":["/component---src-pages-speakers-js-d2de93ee5e0ccdf0650c.js"],"pages-manifest":["/pages-manifest-94ded8aaee6d8b3eed99.js"]}