{"errors":[],"warnings":["chunk styles [mini-css-extract-plugin]\nConflicting order between:\n * css ./node_modules/css-loader??ref--13-oneOf-0-1!./node_modules/postcss-loader/lib??postcss-4!./node_modules/sass-loader/lib/loader.js??ref--13-oneOf-0-3!./src/components/Box/Box.module.scss\n * css ./node_modules/css-loader??ref--13-oneOf-0-1!./node_modules/postcss-loader/lib??postcss-4!./node_modules/sass-loader/lib/loader.js??ref--13-oneOf-0-3!./src/components/Footer/Footer.module.scss","chunk styles [mini-css-extract-plugin]\nConflicting order between:\n * css ./node_modules/css-loader??ref--13-oneOf-0-1!./node_modules/postcss-loader/lib??postcss-4!./node_modules/sass-loader/lib/loader.js??ref--13-oneOf-0-3!./src/components/Speaker/Speaker.module.scss\n * css ./node_modules/css-loader??ref--13-oneOf-0-1!./node_modules/postcss-loader/lib??postcss-4!./node_modules/sass-loader/lib/loader.js??ref--13-oneOf-0-3!./src/components/SpeakerKeynote/SpeakerKeynote.module.scss\n * css ./node_modules/css-loader??ref--13-oneOf-0-1!./node_modules/postcss-loader/lib??postcss-4!./node_modules/sass-loader/lib/loader.js??ref--13-oneOf-0-3!./src/components/Cover/Cover.module.scss\n * css ./node_modules/css-loader??ref--13-oneOf-0-1!./node_modules/postcss-loader/lib??postcss-4!./node_modules/sass-loader/lib/loader.js??ref--13-oneOf-0-3!./src/components/Footer/Footer.module.scss"],"namedChunkGroups":{"app":{"chunks":[13,3],"assets":["webpack-runtime-4851abca7406d7dc9ad1.js","webpack-runtime-4851abca7406d7dc9ad1.js.map","app-9ec256b08d6cd95c4086.js","app-9ec256b08d6cd95c4086.js.map"],"children":{},"childAssets":{}},"component---src-pages-404-js":{"chunks":[0,1,2,4],"assets":["styles.fb664235a7374995c75b.css","styles-d40c34c194558e2b3301.js","styles-d40c34c194558e2b3301.js.map","1-2a62dcdb0c3c71e942e5.js","1-2a62dcdb0c3c71e942e5.js.map","2-b9569ba98fc52494db1a.js","2-b9569ba98fc52494db1a.js.map","component---src-pages-404-js-dc8a4cce449d0d806a5a.js","component---src-pages-404-js-dc8a4cce449d0d806a5a.js.map"],"children":{},"childAssets":{}},"component---src-pages-about-js":{"chunks":[0,1,2,5],"assets":["styles.fb664235a7374995c75b.css","styles-d40c34c194558e2b3301.js","styles-d40c34c194558e2b3301.js.map","1-2a62dcdb0c3c71e942e5.js","1-2a62dcdb0c3c71e942e5.js.map","2-b9569ba98fc52494db1a.js","2-b9569ba98fc52494db1a.js.map","component---src-pages-about-js-224c592509ad3b37061d.js","component---src-pages-about-js-224c592509ad3b37061d.js.map"],"children":{},"childAssets":{}},"component---src-pages-faq-js":{"chunks":[0,1,2,6],"assets":["styles.fb664235a7374995c75b.css","styles-d40c34c194558e2b3301.js","styles-d40c34c194558e2b3301.js.map","1-2a62dcdb0c3c71e942e5.js","1-2a62dcdb0c3c71e942e5.js.map","2-b9569ba98fc52494db1a.js","2-b9569ba98fc52494db1a.js.map","component---src-pages-faq-js-dafcb4f8ae1e47a8f030.js","component---src-pages-faq-js-dafcb4f8ae1e47a8f030.js.map"],"children":{},"childAssets":{}},"component---src-pages-index-js":{"chunks":[0,1,15,2,7],"assets":["styles.fb664235a7374995c75b.css","styles-d40c34c194558e2b3301.js","styles-d40c34c194558e2b3301.js.map","1-2a62dcdb0c3c71e942e5.js","1-2a62dcdb0c3c71e942e5.js.map","15-23d1994df4869638aadc.js","15-23d1994df4869638aadc.js.map","2-b9569ba98fc52494db1a.js","2-b9569ba98fc52494db1a.js.map","component---src-pages-index-js-0a674f1b67843b3a192e.js","component---src-pages-index-js-0a674f1b67843b3a192e.js.map"],"children":{},"childAssets":{}},"component---src-pages-join-participant-js":{"chunks":[0,1,2,8],"assets":["styles.fb664235a7374995c75b.css","styles-d40c34c194558e2b3301.js","styles-d40c34c194558e2b3301.js.map","1-2a62dcdb0c3c71e942e5.js","1-2a62dcdb0c3c71e942e5.js.map","2-b9569ba98fc52494db1a.js","2-b9569ba98fc52494db1a.js.map","component---src-pages-join-participant-js-f546c713769017b73a09.js","component---src-pages-join-participant-js-f546c713769017b73a09.js.map"],"children":{},"childAssets":{}},"component---src-pages-organizers-js":{"chunks":[0,1,2,9],"assets":["styles.fb664235a7374995c75b.css","styles-d40c34c194558e2b3301.js","styles-d40c34c194558e2b3301.js.map","1-2a62dcdb0c3c71e942e5.js","1-2a62dcdb0c3c71e942e5.js.map","2-b9569ba98fc52494db1a.js","2-b9569ba98fc52494db1a.js.map","component---src-pages-organizers-js-da90d6ec52667dd8d95b.js","component---src-pages-organizers-js-da90d6ec52667dd8d95b.js.map"],"children":{},"childAssets":{}},"component---src-pages-programs-js":{"chunks":[0,1,2,10],"assets":["styles.fb664235a7374995c75b.css","styles-d40c34c194558e2b3301.js","styles-d40c34c194558e2b3301.js.map","1-2a62dcdb0c3c71e942e5.js","1-2a62dcdb0c3c71e942e5.js.map","2-b9569ba98fc52494db1a.js","2-b9569ba98fc52494db1a.js.map","component---src-pages-programs-js-7c01134eaf299fa28aa3.js","component---src-pages-programs-js-7c01134eaf299fa28aa3.js.map"],"children":{},"childAssets":{}},"component---src-pages-speakers-js":{"chunks":[0,1,2,11],"assets":["styles.fb664235a7374995c75b.css","styles-d40c34c194558e2b3301.js","styles-d40c34c194558e2b3301.js.map","1-2a62dcdb0c3c71e942e5.js","1-2a62dcdb0c3c71e942e5.js.map","2-b9569ba98fc52494db1a.js","2-b9569ba98fc52494db1a.js.map","component---src-pages-speakers-js-d2de93ee5e0ccdf0650c.js","component---src-pages-speakers-js-d2de93ee5e0ccdf0650c.js.map"],"children":{},"childAssets":{}},"pages-manifest":{"chunks":[12],"assets":["pages-manifest-94ded8aaee6d8b3eed99.js","pages-manifest-94ded8aaee6d8b3eed99.js.map"],"children":{},"childAssets":{}}},"assetsByChunkName":{"app":["webpack-runtime-4851abca7406d7dc9ad1.js","app-9ec256b08d6cd95c4086.js"],"component---src-pages-404-js":["styles.fb664235a7374995c75b.css","styles-d40c34c194558e2b3301.js","1-2a62dcdb0c3c71e942e5.js","2-b9569ba98fc52494db1a.js","component---src-pages-404-js-dc8a4cce449d0d806a5a.js"],"component---src-pages-about-js":["styles.fb664235a7374995c75b.css","styles-d40c34c194558e2b3301.js","1-2a62dcdb0c3c71e942e5.js","2-b9569ba98fc52494db1a.js","component---src-pages-about-js-224c592509ad3b37061d.js"],"component---src-pages-faq-js":["styles.fb664235a7374995c75b.css","styles-d40c34c194558e2b3301.js","1-2a62dcdb0c3c71e942e5.js","2-b9569ba98fc52494db1a.js","component---src-pages-faq-js-dafcb4f8ae1e47a8f030.js"],"component---src-pages-index-js":["styles.fb664235a7374995c75b.css","styles-d40c34c194558e2b3301.js","1-2a62dcdb0c3c71e942e5.js","15-23d1994df4869638aadc.js","2-b9569ba98fc52494db1a.js","component---src-pages-index-js-0a674f1b67843b3a192e.js"],"component---src-pages-join-participant-js":["styles.fb664235a7374995c75b.css","styles-d40c34c194558e2b3301.js","1-2a62dcdb0c3c71e942e5.js","2-b9569ba98fc52494db1a.js","component---src-pages-join-participant-js-f546c713769017b73a09.js"],"component---src-pages-organizers-js":["styles.fb664235a7374995c75b.css","styles-d40c34c194558e2b3301.js","1-2a62dcdb0c3c71e942e5.js","2-b9569ba98fc52494db1a.js","component---src-pages-organizers-js-da90d6ec52667dd8d95b.js"],"component---src-pages-programs-js":["styles.fb664235a7374995c75b.css","styles-d40c34c194558e2b3301.js","1-2a62dcdb0c3c71e942e5.js","2-b9569ba98fc52494db1a.js","component---src-pages-programs-js-7c01134eaf299fa28aa3.js"],"component---src-pages-speakers-js":["styles.fb664235a7374995c75b.css","styles-d40c34c194558e2b3301.js","1-2a62dcdb0c3c71e942e5.js","2-b9569ba98fc52494db1a.js","component---src-pages-speakers-js-d2de93ee5e0ccdf0650c.js"],"pages-manifest":["pages-manifest-94ded8aaee6d8b3eed99.js"]}}