{"app":["/app-81b47a09e0d0206bb4e7.js"],"component---src-pages-404-js":["/component---src-pages-404-js-dc8a4cce449d0d806a5a.js"],"component---src-pages-about-js":["/component---src-pages-about-js-1ac1bf27493183cf2bd1.js"],"component---src-pages-faq-js":["/component---src-pages-faq-js-dafcb4f8ae1e47a8f030.js"],"component---src-pages-index-js":["/component---src-pages-index-js-d891bff0533aed33fc27.js"],"component---src-pages-join-participant-js":["/component---src-pages-join-participant-js-f546c713769017b73a09.js"],"component---src-pages-organizers-js":["/component---src-pages-organizers-js-c383dff324a2bc72e587.js"],"component---src-pages-programs-js":["/component---src-pages-programs-js-7c01134eaf299fa28aa3.js"],"component---src-pages-speakers-js":["/component---src-pages-speakers-js-3615947e6c7d6d48520d.js"],"pages-manifest":["/pages-manifest-94ded8aaee6d8b3eed99.js"]}