{"errors":[],"warnings":["chunk styles [mini-css-extract-plugin]\nConflicting order between:\n * css ./node_modules/css-loader??ref--13-oneOf-0-1!./node_modules/postcss-loader/lib??postcss-4!./node_modules/sass-loader/lib/loader.js??ref--13-oneOf-0-3!./src/components/Box/Box.module.scss\n * css ./node_modules/css-loader??ref--13-oneOf-0-1!./node_modules/postcss-loader/lib??postcss-4!./node_modules/sass-loader/lib/loader.js??ref--13-oneOf-0-3!./src/components/Footer/Footer.module.scss","chunk styles [mini-css-extract-plugin]\nConflicting order between:\n * css ./node_modules/css-loader??ref--13-oneOf-0-1!./node_modules/postcss-loader/lib??postcss-4!./node_modules/sass-loader/lib/loader.js??ref--13-oneOf-0-3!./src/components/Speaker/Speaker.module.scss\n * css ./node_modules/css-loader??ref--13-oneOf-0-1!./node_modules/postcss-loader/lib??postcss-4!./node_modules/sass-loader/lib/loader.js??ref--13-oneOf-0-3!./src/components/SpeakerKeynote/SpeakerKeynote.module.scss\n * css ./node_modules/css-loader??ref--13-oneOf-0-1!./node_modules/postcss-loader/lib??postcss-4!./node_modules/sass-loader/lib/loader.js??ref--13-oneOf-0-3!./src/components/Cover/Cover.module.scss\n * css ./node_modules/css-loader??ref--13-oneOf-0-1!./node_modules/postcss-loader/lib??postcss-4!./node_modules/sass-loader/lib/loader.js??ref--13-oneOf-0-3!./src/components/Footer/Footer.module.scss"],"namedChunkGroups":{"app":{"chunks":[13,3],"assets":["webpack-runtime-8496753d8778fe7bd66b.js","webpack-runtime-8496753d8778fe7bd66b.js.map","app-81b47a09e0d0206bb4e7.js","app-81b47a09e0d0206bb4e7.js.map"],"children":{},"childAssets":{}},"component---src-pages-404-js":{"chunks":[0,1,2,4],"assets":["styles.d7aed16d9b9da63f992c.css","styles-d40c34c194558e2b3301.js","styles-d40c34c194558e2b3301.js.map","1-2a62dcdb0c3c71e942e5.js","1-2a62dcdb0c3c71e942e5.js.map","2-b9569ba98fc52494db1a.js","2-b9569ba98fc52494db1a.js.map","component---src-pages-404-js-dc8a4cce449d0d806a5a.js","component---src-pages-404-js-dc8a4cce449d0d806a5a.js.map"],"children":{},"childAssets":{}},"component---src-pages-about-js":{"chunks":[0,1,2,5],"assets":["styles.d7aed16d9b9da63f992c.css","styles-d40c34c194558e2b3301.js","styles-d40c34c194558e2b3301.js.map","1-2a62dcdb0c3c71e942e5.js","1-2a62dcdb0c3c71e942e5.js.map","2-b9569ba98fc52494db1a.js","2-b9569ba98fc52494db1a.js.map","component---src-pages-about-js-1ac1bf27493183cf2bd1.js","component---src-pages-about-js-1ac1bf27493183cf2bd1.js.map"],"children":{},"childAssets":{}},"component---src-pages-faq-js":{"chunks":[0,1,2,6],"assets":["styles.d7aed16d9b9da63f992c.css","styles-d40c34c194558e2b3301.js","styles-d40c34c194558e2b3301.js.map","1-2a62dcdb0c3c71e942e5.js","1-2a62dcdb0c3c71e942e5.js.map","2-b9569ba98fc52494db1a.js","2-b9569ba98fc52494db1a.js.map","component---src-pages-faq-js-dafcb4f8ae1e47a8f030.js","component---src-pages-faq-js-dafcb4f8ae1e47a8f030.js.map"],"children":{},"childAssets":{}},"component---src-pages-index-js":{"chunks":[0,1,15,2,7],"assets":["styles.d7aed16d9b9da63f992c.css","styles-d40c34c194558e2b3301.js","styles-d40c34c194558e2b3301.js.map","1-2a62dcdb0c3c71e942e5.js","1-2a62dcdb0c3c71e942e5.js.map","15-23d1994df4869638aadc.js","15-23d1994df4869638aadc.js.map","2-b9569ba98fc52494db1a.js","2-b9569ba98fc52494db1a.js.map","component---src-pages-index-js-d891bff0533aed33fc27.js","component---src-pages-index-js-d891bff0533aed33fc27.js.map"],"children":{},"childAssets":{}},"component---src-pages-join-participant-js":{"chunks":[0,1,2,8],"assets":["styles.d7aed16d9b9da63f992c.css","styles-d40c34c194558e2b3301.js","styles-d40c34c194558e2b3301.js.map","1-2a62dcdb0c3c71e942e5.js","1-2a62dcdb0c3c71e942e5.js.map","2-b9569ba98fc52494db1a.js","2-b9569ba98fc52494db1a.js.map","component---src-pages-join-participant-js-f546c713769017b73a09.js","component---src-pages-join-participant-js-f546c713769017b73a09.js.map"],"children":{},"childAssets":{}},"component---src-pages-organizers-js":{"chunks":[0,1,2,9],"assets":["styles.d7aed16d9b9da63f992c.css","styles-d40c34c194558e2b3301.js","styles-d40c34c194558e2b3301.js.map","1-2a62dcdb0c3c71e942e5.js","1-2a62dcdb0c3c71e942e5.js.map","2-b9569ba98fc52494db1a.js","2-b9569ba98fc52494db1a.js.map","component---src-pages-organizers-js-c383dff324a2bc72e587.js","component---src-pages-organizers-js-c383dff324a2bc72e587.js.map"],"children":{},"childAssets":{}},"component---src-pages-programs-js":{"chunks":[0,1,2,10],"assets":["styles.d7aed16d9b9da63f992c.css","styles-d40c34c194558e2b3301.js","styles-d40c34c194558e2b3301.js.map","1-2a62dcdb0c3c71e942e5.js","1-2a62dcdb0c3c71e942e5.js.map","2-b9569ba98fc52494db1a.js","2-b9569ba98fc52494db1a.js.map","component---src-pages-programs-js-7c01134eaf299fa28aa3.js","component---src-pages-programs-js-7c01134eaf299fa28aa3.js.map"],"children":{},"childAssets":{}},"component---src-pages-speakers-js":{"chunks":[0,1,2,11],"assets":["styles.d7aed16d9b9da63f992c.css","styles-d40c34c194558e2b3301.js","styles-d40c34c194558e2b3301.js.map","1-2a62dcdb0c3c71e942e5.js","1-2a62dcdb0c3c71e942e5.js.map","2-b9569ba98fc52494db1a.js","2-b9569ba98fc52494db1a.js.map","component---src-pages-speakers-js-3615947e6c7d6d48520d.js","component---src-pages-speakers-js-3615947e6c7d6d48520d.js.map"],"children":{},"childAssets":{}},"pages-manifest":{"chunks":[12],"assets":["pages-manifest-94ded8aaee6d8b3eed99.js","pages-manifest-94ded8aaee6d8b3eed99.js.map"],"children":{},"childAssets":{}}},"assetsByChunkName":{"app":["webpack-runtime-8496753d8778fe7bd66b.js","app-81b47a09e0d0206bb4e7.js"],"component---src-pages-404-js":["styles.d7aed16d9b9da63f992c.css","styles-d40c34c194558e2b3301.js","1-2a62dcdb0c3c71e942e5.js","2-b9569ba98fc52494db1a.js","component---src-pages-404-js-dc8a4cce449d0d806a5a.js"],"component---src-pages-about-js":["styles.d7aed16d9b9da63f992c.css","styles-d40c34c194558e2b3301.js","1-2a62dcdb0c3c71e942e5.js","2-b9569ba98fc52494db1a.js","component---src-pages-about-js-1ac1bf27493183cf2bd1.js"],"component---src-pages-faq-js":["styles.d7aed16d9b9da63f992c.css","styles-d40c34c194558e2b3301.js","1-2a62dcdb0c3c71e942e5.js","2-b9569ba98fc52494db1a.js","component---src-pages-faq-js-dafcb4f8ae1e47a8f030.js"],"component---src-pages-index-js":["styles.d7aed16d9b9da63f992c.css","styles-d40c34c194558e2b3301.js","1-2a62dcdb0c3c71e942e5.js","15-23d1994df4869638aadc.js","2-b9569ba98fc52494db1a.js","component---src-pages-index-js-d891bff0533aed33fc27.js"],"component---src-pages-join-participant-js":["styles.d7aed16d9b9da63f992c.css","styles-d40c34c194558e2b3301.js","1-2a62dcdb0c3c71e942e5.js","2-b9569ba98fc52494db1a.js","component---src-pages-join-participant-js-f546c713769017b73a09.js"],"component---src-pages-organizers-js":["styles.d7aed16d9b9da63f992c.css","styles-d40c34c194558e2b3301.js","1-2a62dcdb0c3c71e942e5.js","2-b9569ba98fc52494db1a.js","component---src-pages-organizers-js-c383dff324a2bc72e587.js"],"component---src-pages-programs-js":["styles.d7aed16d9b9da63f992c.css","styles-d40c34c194558e2b3301.js","1-2a62dcdb0c3c71e942e5.js","2-b9569ba98fc52494db1a.js","component---src-pages-programs-js-7c01134eaf299fa28aa3.js"],"component---src-pages-speakers-js":["styles.d7aed16d9b9da63f992c.css","styles-d40c34c194558e2b3301.js","1-2a62dcdb0c3c71e942e5.js","2-b9569ba98fc52494db1a.js","component---src-pages-speakers-js-3615947e6c7d6d48520d.js"],"pages-manifest":["pages-manifest-94ded8aaee6d8b3eed99.js"]}}