{"data":{"placeholderImage":{"childImageSharp":{"fluid":{"base64":"data:image/png;base64,iVBORw0KGgoAAAANSUhEUgAAABQAAAAFCAYAAABFA8wzAAAACXBIWXMAAAsSAAALEgHS3X78AAAAQUlEQVQY02O47J3FDcVcQMwJpbmhbE4keU5i5BmABBsUs0IxRXwGLDZykeIiqDwXsgvZoRhmE0V8BiSbOKCYIj4AIqecRRCGA4kAAAAASUVORK5CYII=","aspectRatio":3.7,"src":"/static/7760daf56fb7b8d6563a2f83a93e847b/fdbb0/triangle.png","srcSet":"/static/7760daf56fb7b8d6563a2f83a93e847b/e22c9/triangle.png 75w,\n/static/7760daf56fb7b8d6563a2f83a93e847b/d3809/triangle.png 150w,\n/static/7760daf56fb7b8d6563a2f83a93e847b/fdbb0/triangle.png 300w,\n/static/7760daf56fb7b8d6563a2f83a93e847b/b5207/triangle.png 450w,\n/static/7760daf56fb7b8d6563a2f83a93e847b/59139/triangle.png 600w,\n/static/7760daf56fb7b8d6563a2f83a93e847b/cb30f/triangle.png 900w,\n/static/7760daf56fb7b8d6563a2f83a93e847b/fc672/triangle.png 1369w","sizes":"(max-width: 300px) 100vw, 300px"}}}}}